--
-- PostgreSQL database dump
--

-- Dumped from database version 16.6 (Ubuntu 16.6-0ubuntu0.24.04.1)
-- Dumped by pg_dump version 16.6 (Ubuntu 16.6-0ubuntu0.24.04.1)

SET statement_timeout = 0;
SET lock_timeout = 0;
SET idle_in_transaction_session_timeout = 0;
SET client_encoding = 'UTF8';
SET standard_conforming_strings = on;
SELECT pg_catalog.set_config('search_path', '', false);
SET check_function_bodies = false;
SET xmloption = content;
SET client_min_messages = warning;
SET row_security = off;

SET default_tablespace = '';

SET default_table_access_method = heap;

--
-- Name: arena_arena; Type: TABLE; Schema: public; Owner: postgres
--

CREATE TABLE public.arena_arena (
    id bigint NOT NULL,
    password character varying(128),
    last_login timestamp with time zone,
    is_superuser boolean NOT NULL,
    first_name character varying(150),
    last_name character varying(150),
    is_staff boolean NOT NULL,
    is_active boolean NOT NULL,
    date_joined timestamp with time zone NOT NULL,
    arena_name character varying(100) NOT NULL,
    brightness integer NOT NULL,
    email character varying(254)
);


ALTER TABLE public.arena_arena OWNER TO postgres;

--
-- Name: arena_arena_groups; Type: TABLE; Schema: public; Owner: postgres
--

CREATE TABLE public.arena_arena_groups (
    id bigint NOT NULL,
    arena_id bigint NOT NULL,
    group_id integer NOT NULL
);


ALTER TABLE public.arena_arena_groups OWNER TO postgres;

--
-- Name: arena_arena_groups_id_seq; Type: SEQUENCE; Schema: public; Owner: postgres
--

ALTER TABLE public.arena_arena_groups ALTER COLUMN id ADD GENERATED BY DEFAULT AS IDENTITY (
    SEQUENCE NAME public.arena_arena_groups_id_seq
    START WITH 1
    INCREMENT BY 1
    NO MINVALUE
    NO MAXVALUE
    CACHE 1
);


--
-- Name: arena_arena_id_seq; Type: SEQUENCE; Schema: public; Owner: postgres
--

ALTER TABLE public.arena_arena ALTER COLUMN id ADD GENERATED BY DEFAULT AS IDENTITY (
    SEQUENCE NAME public.arena_arena_id_seq
    START WITH 1
    INCREMENT BY 1
    NO MINVALUE
    NO MAXVALUE
    CACHE 1
);


--
-- Name: arena_arena_user_permissions; Type: TABLE; Schema: public; Owner: postgres
--

CREATE TABLE public.arena_arena_user_permissions (
    id bigint NOT NULL,
    arena_id bigint NOT NULL,
    permission_id integer NOT NULL
);


ALTER TABLE public.arena_arena_user_permissions OWNER TO postgres;

--
-- Name: arena_arena_user_permissions_id_seq; Type: SEQUENCE; Schema: public; Owner: postgres
--

ALTER TABLE public.arena_arena_user_permissions ALTER COLUMN id ADD GENERATED BY DEFAULT AS IDENTITY (
    SEQUENCE NAME public.arena_arena_user_permissions_id_seq
    START WITH 1
    INCREMENT BY 1
    NO MINVALUE
    NO MAXVALUE
    CACHE 1
);


--
-- Name: auth_group; Type: TABLE; Schema: public; Owner: postgres
--

CREATE TABLE public.auth_group (
    id integer NOT NULL,
    name character varying(150) NOT NULL
);


ALTER TABLE public.auth_group OWNER TO postgres;

--
-- Name: auth_group_id_seq; Type: SEQUENCE; Schema: public; Owner: postgres
--

ALTER TABLE public.auth_group ALTER COLUMN id ADD GENERATED BY DEFAULT AS IDENTITY (
    SEQUENCE NAME public.auth_group_id_seq
    START WITH 1
    INCREMENT BY 1
    NO MINVALUE
    NO MAXVALUE
    CACHE 1
);


--
-- Name: auth_group_permissions; Type: TABLE; Schema: public; Owner: postgres
--

CREATE TABLE public.auth_group_permissions (
    id bigint NOT NULL,
    group_id integer NOT NULL,
    permission_id integer NOT NULL
);


ALTER TABLE public.auth_group_permissions OWNER TO postgres;

--
-- Name: auth_group_permissions_id_seq; Type: SEQUENCE; Schema: public; Owner: postgres
--

ALTER TABLE public.auth_group_permissions ALTER COLUMN id ADD GENERATED BY DEFAULT AS IDENTITY (
    SEQUENCE NAME public.auth_group_permissions_id_seq
    START WITH 1
    INCREMENT BY 1
    NO MINVALUE
    NO MAXVALUE
    CACHE 1
);


--
-- Name: auth_permission; Type: TABLE; Schema: public; Owner: postgres
--

CREATE TABLE public.auth_permission (
    id integer NOT NULL,
    name character varying(255) NOT NULL,
    content_type_id integer NOT NULL,
    codename character varying(100) NOT NULL
);


ALTER TABLE public.auth_permission OWNER TO postgres;

--
-- Name: auth_permission_id_seq; Type: SEQUENCE; Schema: public; Owner: postgres
--

ALTER TABLE public.auth_permission ALTER COLUMN id ADD GENERATED BY DEFAULT AS IDENTITY (
    SEQUENCE NAME public.auth_permission_id_seq
    START WITH 1
    INCREMENT BY 1
    NO MINVALUE
    NO MAXVALUE
    CACHE 1
);


--
-- Name: devices_device; Type: TABLE; Schema: public; Owner: postgres
--

CREATE TABLE public.devices_device (
    id bigint NOT NULL,
    name character varying(255) NOT NULL,
    device_id integer NOT NULL,
    tile_label character varying(3),
    created_at timestamp with time zone NOT NULL,
    arena_id bigint NOT NULL
);


ALTER TABLE public.devices_device OWNER TO postgres;

--
-- Name: devices_device_id_seq; Type: SEQUENCE; Schema: public; Owner: postgres
--

ALTER TABLE public.devices_device ALTER COLUMN id ADD GENERATED BY DEFAULT AS IDENTITY (
    SEQUENCE NAME public.devices_device_id_seq
    START WITH 1
    INCREMENT BY 1
    NO MINVALUE
    NO MAXVALUE
    CACHE 1
);


--
-- Name: django_admin_log; Type: TABLE; Schema: public; Owner: postgres
--

CREATE TABLE public.django_admin_log (
    id integer NOT NULL,
    action_time timestamp with time zone NOT NULL,
    object_id text,
    object_repr character varying(200) NOT NULL,
    action_flag smallint NOT NULL,
    change_message text NOT NULL,
    content_type_id integer,
    user_id bigint NOT NULL,
    CONSTRAINT django_admin_log_action_flag_check CHECK ((action_flag >= 0))
);


ALTER TABLE public.django_admin_log OWNER TO postgres;

--
-- Name: django_admin_log_id_seq; Type: SEQUENCE; Schema: public; Owner: postgres
--

ALTER TABLE public.django_admin_log ALTER COLUMN id ADD GENERATED BY DEFAULT AS IDENTITY (
    SEQUENCE NAME public.django_admin_log_id_seq
    START WITH 1
    INCREMENT BY 1
    NO MINVALUE
    NO MAXVALUE
    CACHE 1
);


--
-- Name: django_content_type; Type: TABLE; Schema: public; Owner: postgres
--

CREATE TABLE public.django_content_type (
    id integer NOT NULL,
    app_label character varying(100) NOT NULL,
    model character varying(100) NOT NULL
);


ALTER TABLE public.django_content_type OWNER TO postgres;

--
-- Name: django_content_type_id_seq; Type: SEQUENCE; Schema: public; Owner: postgres
--

ALTER TABLE public.django_content_type ALTER COLUMN id ADD GENERATED BY DEFAULT AS IDENTITY (
    SEQUENCE NAME public.django_content_type_id_seq
    START WITH 1
    INCREMENT BY 1
    NO MINVALUE
    NO MAXVALUE
    CACHE 1
);


--
-- Name: django_migrations; Type: TABLE; Schema: public; Owner: postgres
--

CREATE TABLE public.django_migrations (
    id bigint NOT NULL,
    app character varying(255) NOT NULL,
    name character varying(255) NOT NULL,
    applied timestamp with time zone NOT NULL
);


ALTER TABLE public.django_migrations OWNER TO postgres;

--
-- Name: django_migrations_id_seq; Type: SEQUENCE; Schema: public; Owner: postgres
--

ALTER TABLE public.django_migrations ALTER COLUMN id ADD GENERATED BY DEFAULT AS IDENTITY (
    SEQUENCE NAME public.django_migrations_id_seq
    START WITH 1
    INCREMENT BY 1
    NO MINVALUE
    NO MAXVALUE
    CACHE 1
);


--
-- Name: django_session; Type: TABLE; Schema: public; Owner: postgres
--

CREATE TABLE public.django_session (
    session_key character varying(40) NOT NULL,
    session_data text NOT NULL,
    expire_date timestamp with time zone NOT NULL
);


ALTER TABLE public.django_session OWNER TO postgres;

--
-- Data for Name: arena_arena; Type: TABLE DATA; Schema: public; Owner: postgres
--

COPY public.arena_arena (id, password, last_login, is_superuser, first_name, last_name, is_staff, is_active, date_joined, arena_name, brightness, email) FROM stdin;
9	\N	2025-01-09 15:42:11.236026-08	f	\N	\N	f	t	2025-01-08 17:04:42.214525-08	Mohegan Sun Arena	75	\N
10	\N	2025-01-09 17:12:32.439674-08	f	\N	\N	f	t	2025-01-08 17:05:08.828527-08	Test	75	\N
\.


--
-- Data for Name: arena_arena_groups; Type: TABLE DATA; Schema: public; Owner: postgres
--

COPY public.arena_arena_groups (id, arena_id, group_id) FROM stdin;
\.


--
-- Data for Name: arena_arena_user_permissions; Type: TABLE DATA; Schema: public; Owner: postgres
--

COPY public.arena_arena_user_permissions (id, arena_id, permission_id) FROM stdin;
\.


--
-- Data for Name: auth_group; Type: TABLE DATA; Schema: public; Owner: postgres
--

COPY public.auth_group (id, name) FROM stdin;
\.


--
-- Data for Name: auth_group_permissions; Type: TABLE DATA; Schema: public; Owner: postgres
--

COPY public.auth_group_permissions (id, group_id, permission_id) FROM stdin;
\.


--
-- Data for Name: auth_permission; Type: TABLE DATA; Schema: public; Owner: postgres
--

COPY public.auth_permission (id, name, content_type_id, codename) FROM stdin;
1	Can add log entry	1	add_logentry
2	Can change log entry	1	change_logentry
3	Can delete log entry	1	delete_logentry
4	Can view log entry	1	view_logentry
5	Can add permission	2	add_permission
6	Can change permission	2	change_permission
7	Can delete permission	2	delete_permission
8	Can view permission	2	view_permission
9	Can add group	3	add_group
10	Can change group	3	change_group
11	Can delete group	3	delete_group
12	Can view group	3	view_group
13	Can add content type	4	add_contenttype
14	Can change content type	4	change_contenttype
15	Can delete content type	4	delete_contenttype
16	Can view content type	4	view_contenttype
17	Can add session	5	add_session
18	Can change session	5	change_session
19	Can delete session	5	delete_session
20	Can view session	5	view_session
21	Can add user	6	add_arena
22	Can change user	6	change_arena
23	Can delete user	6	delete_arena
24	Can view user	6	view_arena
25	Can add device	7	add_device
26	Can change device	7	change_device
27	Can delete device	7	delete_device
28	Can view device	7	view_device
\.


--
-- Data for Name: devices_device; Type: TABLE DATA; Schema: public; Owner: postgres
--

COPY public.devices_device (id, name, device_id, tile_label, created_at, arena_id) FROM stdin;
2	courtside_1	39353	A1	2025-01-08 17:08:49.983723-08	9
3	courtside_2	39354	A2	2025-01-08 17:09:52.764521-08	9
4	courtside_3	39357	A3	2025-01-08 17:10:19.304089-08	9
5	courtside_4	39358	A4	2025-01-08 17:10:43.477154-08	9
6	courtside_5	39267	A5	2025-01-08 17:11:22.702146-08	9
7	courtside_6	39268	A6	2025-01-08 17:11:45.52924-08	9
8	courtside_7	39269	A7	2025-01-08 17:12:08.801412-08	9
9	courtside_8	39270	A8	2025-01-08 17:12:38.043555-08	9
10	courtside_9	39271	A9	2025-01-08 17:13:21.221397-08	9
11	courtside_10	39272	A10	2025-01-08 17:13:46.107841-08	9
12	courtside_11	39274	A11	2025-01-08 17:14:06.630887-08	9
13	courtside_12	39276	A12	2025-01-08 17:14:23.230843-08	9
14	courtside_13	39277	A13	2025-01-08 17:14:46.822256-08	9
15	courtside_14	39278	A14	2025-01-08 17:15:12.535432-08	9
18	Screen_1	39265	A6	2025-01-08 17:29:16.592531-08	10
19	Screen_2	39262	A7	2025-01-08 17:29:47.309369-08	10
20	Screen_3	39266	A8	2025-01-08 17:30:02.319599-08	10
21	Screen_4	39264	A9	2025-01-08 17:30:17.679977-08	10
\.


--
-- Data for Name: django_admin_log; Type: TABLE DATA; Schema: public; Owner: postgres
--

COPY public.django_admin_log (id, action_time, object_id, object_repr, action_flag, change_message, content_type_id, user_id) FROM stdin;
\.


--
-- Data for Name: django_content_type; Type: TABLE DATA; Schema: public; Owner: postgres
--

COPY public.django_content_type (id, app_label, model) FROM stdin;
1	admin	logentry
2	auth	permission
3	auth	group
4	contenttypes	contenttype
5	sessions	session
6	arena	arena
7	devices	device
\.


--
-- Data for Name: django_migrations; Type: TABLE DATA; Schema: public; Owner: postgres
--

COPY public.django_migrations (id, app, name, applied) FROM stdin;
1	contenttypes	0001_initial	2025-01-08 16:47:06.835733-08
2	contenttypes	0002_remove_content_type_name	2025-01-08 16:47:06.850384-08
3	auth	0001_initial	2025-01-08 16:47:06.93715-08
4	auth	0002_alter_permission_name_max_length	2025-01-08 16:47:06.949666-08
5	auth	0003_alter_user_email_max_length	2025-01-08 16:47:06.960332-08
6	auth	0004_alter_user_username_opts	2025-01-08 16:47:06.97401-08
7	auth	0005_alter_user_last_login_null	2025-01-08 16:47:06.984767-08
8	auth	0006_require_contenttypes_0002	2025-01-08 16:47:06.988317-08
9	auth	0007_alter_validators_add_error_messages	2025-01-08 16:47:07.001933-08
10	auth	0008_alter_user_username_max_length	2025-01-08 16:47:07.016609-08
11	auth	0009_alter_user_last_name_max_length	2025-01-08 16:47:07.027895-08
12	auth	0010_alter_group_name_max_length	2025-01-08 16:47:07.040648-08
13	auth	0011_update_proxy_permissions	2025-01-08 16:47:07.051495-08
14	auth	0012_alter_user_first_name_max_length	2025-01-08 16:47:07.061895-08
15	arena	0001_initial	2025-01-08 16:47:07.144162-08
16	admin	0001_initial	2025-01-08 16:47:07.185735-08
17	admin	0002_logentry_remove_auto_add	2025-01-08 16:47:07.205926-08
18	admin	0003_logentry_add_action_flag_choices	2025-01-08 16:47:07.230856-08
19	dashboard	0001_initial	2025-01-08 16:47:07.344403-08
20	dashboard	0002_device_tile_label	2025-01-08 16:47:07.369925-08
21	dashboard	0003_remove_device_arena_delete_arena_delete_device	2025-01-08 16:47:07.418619-08
22	devices	0001_initial	2025-01-08 16:47:07.459766-08
23	sessions	0001_initial	2025-01-08 16:47:07.479753-08
24	arena	0002_alter_arena_password	2025-01-08 16:57:48.608173-08
25	arena	0003_arena_email_alter_arena_first_name_and_more	2025-01-08 17:00:41.974742-08
26	arena	0004_alter_arena_is_superuser	2025-01-08 17:02:02.127394-08
27	devices	0002_alter_device_unique_together	2025-01-08 17:27:48.893443-08
28	devices	0003_alter_device_tile_label	2025-01-08 17:28:30.211133-08
\.


--
-- Data for Name: django_session; Type: TABLE DATA; Schema: public; Owner: postgres
--

COPY public.django_session (session_key, session_data, expire_date) FROM stdin;
jsczpogptccbeo265gvauuotow7fl4lo	.eJxVjk0KwyAQhe_iuoRRR6vdpReR0UxIKBhQswq9ew2E0m7fz_feIQLtbQl75RLWSTyEBHH7FSOlF-fTmagucaMyDZdWh7FwprFnObc1UVu3_Lzyf5ClVzvBsiEFSqOVWhlk6aNTM6B2MzjGOytKMaHGiAZQWsszMnnvnHYgATuUzsXv0_cHsHs9GA:1tW3Zg:6MQtrrRCDTCqL0hIL9JsaH96blGEe4ROZwS4PA6VMO0	2025-01-23 17:12:32.450556-08
3aexwfuk7mei7g11nu7mjt2978cawrdq	.eJxtjEEKwyAQRe_iuoRRR6vdpRcJo44oBQMmWZXevQayKXT7_vvvLahzo6Um8RASxE0sdOxlOTbu_2Gg-OJ2Lom2ElbqabrYNs1nbB4ut71G2uvanpf_EynjOgqWDSlQGq3UyiBLH5zKgNplcIx3VhRDRI0BDaC0ljMyee-cdiABxecLSMk9GA:1tW0xq:JHLMSACiYXM57TVzuZbusFMDmE5nmTzPpYJR-fCXJ6s	2025-01-23 14:25:18.791735-08
\.


--
-- Name: arena_arena_groups_id_seq; Type: SEQUENCE SET; Schema: public; Owner: postgres
--

SELECT pg_catalog.setval('public.arena_arena_groups_id_seq', 1, false);


--
-- Name: arena_arena_id_seq; Type: SEQUENCE SET; Schema: public; Owner: postgres
--

SELECT pg_catalog.setval('public.arena_arena_id_seq', 10, true);


--
-- Name: arena_arena_user_permissions_id_seq; Type: SEQUENCE SET; Schema: public; Owner: postgres
--

SELECT pg_catalog.setval('public.arena_arena_user_permissions_id_seq', 1, false);


--
-- Name: auth_group_id_seq; Type: SEQUENCE SET; Schema: public; Owner: postgres
--

SELECT pg_catalog.setval('public.auth_group_id_seq', 1, false);


--
-- Name: auth_group_permissions_id_seq; Type: SEQUENCE SET; Schema: public; Owner: postgres
--

SELECT pg_catalog.setval('public.auth_group_permissions_id_seq', 1, false);


--
-- Name: auth_permission_id_seq; Type: SEQUENCE SET; Schema: public; Owner: postgres
--

SELECT pg_catalog.setval('public.auth_permission_id_seq', 28, true);


--
-- Name: devices_device_id_seq; Type: SEQUENCE SET; Schema: public; Owner: postgres
--

SELECT pg_catalog.setval('public.devices_device_id_seq', 21, true);


--
-- Name: django_admin_log_id_seq; Type: SEQUENCE SET; Schema: public; Owner: postgres
--

SELECT pg_catalog.setval('public.django_admin_log_id_seq', 1, false);


--
-- Name: django_content_type_id_seq; Type: SEQUENCE SET; Schema: public; Owner: postgres
--

SELECT pg_catalog.setval('public.django_content_type_id_seq', 7, true);


--
-- Name: django_migrations_id_seq; Type: SEQUENCE SET; Schema: public; Owner: postgres
--

SELECT pg_catalog.setval('public.django_migrations_id_seq', 28, true);


--
-- Name: arena_arena arena_arena_arena_name_key; Type: CONSTRAINT; Schema: public; Owner: postgres
--

ALTER TABLE ONLY public.arena_arena
    ADD CONSTRAINT arena_arena_arena_name_key UNIQUE (arena_name);


--
-- Name: arena_arena_groups arena_arena_groups_arena_id_group_id_d3c4e0e1_uniq; Type: CONSTRAINT; Schema: public; Owner: postgres
--

ALTER TABLE ONLY public.arena_arena_groups
    ADD CONSTRAINT arena_arena_groups_arena_id_group_id_d3c4e0e1_uniq UNIQUE (arena_id, group_id);


--
-- Name: arena_arena_groups arena_arena_groups_pkey; Type: CONSTRAINT; Schema: public; Owner: postgres
--

ALTER TABLE ONLY public.arena_arena_groups
    ADD CONSTRAINT arena_arena_groups_pkey PRIMARY KEY (id);


--
-- Name: arena_arena arena_arena_pkey; Type: CONSTRAINT; Schema: public; Owner: postgres
--

ALTER TABLE ONLY public.arena_arena
    ADD CONSTRAINT arena_arena_pkey PRIMARY KEY (id);


--
-- Name: arena_arena_user_permissions arena_arena_user_permiss_arena_id_permission_id_483e7cab_uniq; Type: CONSTRAINT; Schema: public; Owner: postgres
--

ALTER TABLE ONLY public.arena_arena_user_permissions
    ADD CONSTRAINT arena_arena_user_permiss_arena_id_permission_id_483e7cab_uniq UNIQUE (arena_id, permission_id);


--
-- Name: arena_arena_user_permissions arena_arena_user_permissions_pkey; Type: CONSTRAINT; Schema: public; Owner: postgres
--

ALTER TABLE ONLY public.arena_arena_user_permissions
    ADD CONSTRAINT arena_arena_user_permissions_pkey PRIMARY KEY (id);


--
-- Name: auth_group auth_group_name_key; Type: CONSTRAINT; Schema: public; Owner: postgres
--

ALTER TABLE ONLY public.auth_group
    ADD CONSTRAINT auth_group_name_key UNIQUE (name);


--
-- Name: auth_group_permissions auth_group_permissions_group_id_permission_id_0cd325b0_uniq; Type: CONSTRAINT; Schema: public; Owner: postgres
--

ALTER TABLE ONLY public.auth_group_permissions
    ADD CONSTRAINT auth_group_permissions_group_id_permission_id_0cd325b0_uniq UNIQUE (group_id, permission_id);


--
-- Name: auth_group_permissions auth_group_permissions_pkey; Type: CONSTRAINT; Schema: public; Owner: postgres
--

ALTER TABLE ONLY public.auth_group_permissions
    ADD CONSTRAINT auth_group_permissions_pkey PRIMARY KEY (id);


--
-- Name: auth_group auth_group_pkey; Type: CONSTRAINT; Schema: public; Owner: postgres
--

ALTER TABLE ONLY public.auth_group
    ADD CONSTRAINT auth_group_pkey PRIMARY KEY (id);


--
-- Name: auth_permission auth_permission_content_type_id_codename_01ab375a_uniq; Type: CONSTRAINT; Schema: public; Owner: postgres
--

ALTER TABLE ONLY public.auth_permission
    ADD CONSTRAINT auth_permission_content_type_id_codename_01ab375a_uniq UNIQUE (content_type_id, codename);


--
-- Name: auth_permission auth_permission_pkey; Type: CONSTRAINT; Schema: public; Owner: postgres
--

ALTER TABLE ONLY public.auth_permission
    ADD CONSTRAINT auth_permission_pkey PRIMARY KEY (id);


--
-- Name: devices_device devices_device_arena_id_tile_label_2aa04690_uniq; Type: CONSTRAINT; Schema: public; Owner: postgres
--

ALTER TABLE ONLY public.devices_device
    ADD CONSTRAINT devices_device_arena_id_tile_label_2aa04690_uniq UNIQUE (arena_id, tile_label);


--
-- Name: devices_device devices_device_device_id_key; Type: CONSTRAINT; Schema: public; Owner: postgres
--

ALTER TABLE ONLY public.devices_device
    ADD CONSTRAINT devices_device_device_id_key UNIQUE (device_id);


--
-- Name: devices_device devices_device_pkey; Type: CONSTRAINT; Schema: public; Owner: postgres
--

ALTER TABLE ONLY public.devices_device
    ADD CONSTRAINT devices_device_pkey PRIMARY KEY (id);


--
-- Name: django_admin_log django_admin_log_pkey; Type: CONSTRAINT; Schema: public; Owner: postgres
--

ALTER TABLE ONLY public.django_admin_log
    ADD CONSTRAINT django_admin_log_pkey PRIMARY KEY (id);


--
-- Name: django_content_type django_content_type_app_label_model_76bd3d3b_uniq; Type: CONSTRAINT; Schema: public; Owner: postgres
--

ALTER TABLE ONLY public.django_content_type
    ADD CONSTRAINT django_content_type_app_label_model_76bd3d3b_uniq UNIQUE (app_label, model);


--
-- Name: django_content_type django_content_type_pkey; Type: CONSTRAINT; Schema: public; Owner: postgres
--

ALTER TABLE ONLY public.django_content_type
    ADD CONSTRAINT django_content_type_pkey PRIMARY KEY (id);


--
-- Name: django_migrations django_migrations_pkey; Type: CONSTRAINT; Schema: public; Owner: postgres
--

ALTER TABLE ONLY public.django_migrations
    ADD CONSTRAINT django_migrations_pkey PRIMARY KEY (id);


--
-- Name: django_session django_session_pkey; Type: CONSTRAINT; Schema: public; Owner: postgres
--

ALTER TABLE ONLY public.django_session
    ADD CONSTRAINT django_session_pkey PRIMARY KEY (session_key);


--
-- Name: arena_arena_arena_name_67907cf1_like; Type: INDEX; Schema: public; Owner: postgres
--

CREATE INDEX arena_arena_arena_name_67907cf1_like ON public.arena_arena USING btree (arena_name varchar_pattern_ops);


--
-- Name: arena_arena_groups_arena_id_0c914153; Type: INDEX; Schema: public; Owner: postgres
--

CREATE INDEX arena_arena_groups_arena_id_0c914153 ON public.arena_arena_groups USING btree (arena_id);


--
-- Name: arena_arena_groups_group_id_b1cd2a8d; Type: INDEX; Schema: public; Owner: postgres
--

CREATE INDEX arena_arena_groups_group_id_b1cd2a8d ON public.arena_arena_groups USING btree (group_id);


--
-- Name: arena_arena_user_permissions_arena_id_0102723a; Type: INDEX; Schema: public; Owner: postgres
--

CREATE INDEX arena_arena_user_permissions_arena_id_0102723a ON public.arena_arena_user_permissions USING btree (arena_id);


--
-- Name: arena_arena_user_permissions_permission_id_c7c4f5b0; Type: INDEX; Schema: public; Owner: postgres
--

CREATE INDEX arena_arena_user_permissions_permission_id_c7c4f5b0 ON public.arena_arena_user_permissions USING btree (permission_id);


--
-- Name: auth_group_name_a6ea08ec_like; Type: INDEX; Schema: public; Owner: postgres
--

CREATE INDEX auth_group_name_a6ea08ec_like ON public.auth_group USING btree (name varchar_pattern_ops);


--
-- Name: auth_group_permissions_group_id_b120cbf9; Type: INDEX; Schema: public; Owner: postgres
--

CREATE INDEX auth_group_permissions_group_id_b120cbf9 ON public.auth_group_permissions USING btree (group_id);


--
-- Name: auth_group_permissions_permission_id_84c5c92e; Type: INDEX; Schema: public; Owner: postgres
--

CREATE INDEX auth_group_permissions_permission_id_84c5c92e ON public.auth_group_permissions USING btree (permission_id);


--
-- Name: auth_permission_content_type_id_2f476e4b; Type: INDEX; Schema: public; Owner: postgres
--

CREATE INDEX auth_permission_content_type_id_2f476e4b ON public.auth_permission USING btree (content_type_id);


--
-- Name: devices_device_arena_id_162e60c3; Type: INDEX; Schema: public; Owner: postgres
--

CREATE INDEX devices_device_arena_id_162e60c3 ON public.devices_device USING btree (arena_id);


--
-- Name: django_admin_log_content_type_id_c4bce8eb; Type: INDEX; Schema: public; Owner: postgres
--

CREATE INDEX django_admin_log_content_type_id_c4bce8eb ON public.django_admin_log USING btree (content_type_id);


--
-- Name: django_admin_log_user_id_c564eba6; Type: INDEX; Schema: public; Owner: postgres
--

CREATE INDEX django_admin_log_user_id_c564eba6 ON public.django_admin_log USING btree (user_id);


--
-- Name: django_session_expire_date_a5c62663; Type: INDEX; Schema: public; Owner: postgres
--

CREATE INDEX django_session_expire_date_a5c62663 ON public.django_session USING btree (expire_date);


--
-- Name: django_session_session_key_c0390e0f_like; Type: INDEX; Schema: public; Owner: postgres
--

CREATE INDEX django_session_session_key_c0390e0f_like ON public.django_session USING btree (session_key varchar_pattern_ops);


--
-- Name: arena_arena_groups arena_arena_groups_arena_id_0c914153_fk_arena_arena_id; Type: FK CONSTRAINT; Schema: public; Owner: postgres
--

ALTER TABLE ONLY public.arena_arena_groups
    ADD CONSTRAINT arena_arena_groups_arena_id_0c914153_fk_arena_arena_id FOREIGN KEY (arena_id) REFERENCES public.arena_arena(id) DEFERRABLE INITIALLY DEFERRED;


--
-- Name: arena_arena_groups arena_arena_groups_group_id_b1cd2a8d_fk_auth_group_id; Type: FK CONSTRAINT; Schema: public; Owner: postgres
--

ALTER TABLE ONLY public.arena_arena_groups
    ADD CONSTRAINT arena_arena_groups_group_id_b1cd2a8d_fk_auth_group_id FOREIGN KEY (group_id) REFERENCES public.auth_group(id) DEFERRABLE INITIALLY DEFERRED;


--
-- Name: arena_arena_user_permissions arena_arena_user_per_arena_id_0102723a_fk_arena_are; Type: FK CONSTRAINT; Schema: public; Owner: postgres
--

ALTER TABLE ONLY public.arena_arena_user_permissions
    ADD CONSTRAINT arena_arena_user_per_arena_id_0102723a_fk_arena_are FOREIGN KEY (arena_id) REFERENCES public.arena_arena(id) DEFERRABLE INITIALLY DEFERRED;


--
-- Name: arena_arena_user_permissions arena_arena_user_per_permission_id_c7c4f5b0_fk_auth_perm; Type: FK CONSTRAINT; Schema: public; Owner: postgres
--

ALTER TABLE ONLY public.arena_arena_user_permissions
    ADD CONSTRAINT arena_arena_user_per_permission_id_c7c4f5b0_fk_auth_perm FOREIGN KEY (permission_id) REFERENCES public.auth_permission(id) DEFERRABLE INITIALLY DEFERRED;


--
-- Name: auth_group_permissions auth_group_permissio_permission_id_84c5c92e_fk_auth_perm; Type: FK CONSTRAINT; Schema: public; Owner: postgres
--

ALTER TABLE ONLY public.auth_group_permissions
    ADD CONSTRAINT auth_group_permissio_permission_id_84c5c92e_fk_auth_perm FOREIGN KEY (permission_id) REFERENCES public.auth_permission(id) DEFERRABLE INITIALLY DEFERRED;


--
-- Name: auth_group_permissions auth_group_permissions_group_id_b120cbf9_fk_auth_group_id; Type: FK CONSTRAINT; Schema: public; Owner: postgres
--

ALTER TABLE ONLY public.auth_group_permissions
    ADD CONSTRAINT auth_group_permissions_group_id_b120cbf9_fk_auth_group_id FOREIGN KEY (group_id) REFERENCES public.auth_group(id) DEFERRABLE INITIALLY DEFERRED;


--
-- Name: auth_permission auth_permission_content_type_id_2f476e4b_fk_django_co; Type: FK CONSTRAINT; Schema: public; Owner: postgres
--

ALTER TABLE ONLY public.auth_permission
    ADD CONSTRAINT auth_permission_content_type_id_2f476e4b_fk_django_co FOREIGN KEY (content_type_id) REFERENCES public.django_content_type(id) DEFERRABLE INITIALLY DEFERRED;


--
-- Name: devices_device devices_device_arena_id_162e60c3_fk_arena_arena_id; Type: FK CONSTRAINT; Schema: public; Owner: postgres
--

ALTER TABLE ONLY public.devices_device
    ADD CONSTRAINT devices_device_arena_id_162e60c3_fk_arena_arena_id FOREIGN KEY (arena_id) REFERENCES public.arena_arena(id) DEFERRABLE INITIALLY DEFERRED;


--
-- Name: django_admin_log django_admin_log_content_type_id_c4bce8eb_fk_django_co; Type: FK CONSTRAINT; Schema: public; Owner: postgres
--

ALTER TABLE ONLY public.django_admin_log
    ADD CONSTRAINT django_admin_log_content_type_id_c4bce8eb_fk_django_co FOREIGN KEY (content_type_id) REFERENCES public.django_content_type(id) DEFERRABLE INITIALLY DEFERRED;


--
-- Name: django_admin_log django_admin_log_user_id_c564eba6_fk_arena_arena_id; Type: FK CONSTRAINT; Schema: public; Owner: postgres
--

ALTER TABLE ONLY public.django_admin_log
    ADD CONSTRAINT django_admin_log_user_id_c564eba6_fk_arena_arena_id FOREIGN KEY (user_id) REFERENCES public.arena_arena(id) DEFERRABLE INITIALLY DEFERRED;


--
-- PostgreSQL database dump complete
--

